{
  "chart": {
    "title": "Passenger-kilometers by rail",
    "subtitle": "The number of passengers transported by rail, multiplied by the kilometers traveled. This is measured in passenger-kilometers.",
    "citation": "International Union of Railways (UIC) and OECD, via World Bank (2025)",
    "originalChartUrl": "https://ourworldindata.org/grapher/railways-passengers-carried-passenger-km?v=1&csvType=full&useColumnShortNames=false",
    "selection": [
      "Norway",
      "Syria",
      "Belarus",
      "Bangladesh",
      "Belgium",
      "China",
      "United Kingdom",
      "United States"
    ]
  },
  "columns": {
    "Railways, passengers carried (million passenger-km)": {
      "titleShort": "Railways, passengers carried (passenger-km)",
      "titleLong": "Railways, passengers carried (passenger-km)",
      "unit": "million passenger-km",
      "timespan": "1995-2021",
      "type": "Numeric",
      "conversionFactor": 1000000,
      "owidVariableId": 1106872,
      "shortName": "is_rrs_pasg_km",
      "lastUpdated": "2025-09-08",
      "nextUpdate": "2026-09-08",
      "citationShort": "International Union of Railways (UIC) and OECD, via World Bank (2025) – processed by Our World in Data",
      "citationLong": "International Union of Railways (UIC) and OECD, via World Bank (2025) – processed by Our World in Data. “Railways, passengers carried (passenger-km)” [dataset]. International Union of Railways (UIC) and OECD, via World Bank, “World Development Indicators 122” [original data].",
      "fullMetadata": "https://api.ourworldindata.org/v1/indicators/1106872.metadata.json"
    }
  },
  "dateDownloaded": "2025-11-24",
  "activeFilters": {}
}