{
  "chart": {
    "title": "International financial support to infrastructure",
    "subtitle": "Total official international support ([official development assistance](#dod:oda) plus other official flows) to infrastructure. This data is expressed in US dollars. It is adjusted for inflation but does not account for differences in living costs between countries.",
    "note": "This data is expressed in constant 2022 US$.",
    "citation": "Organisation for Economic Co-operation and Development",
    "originalChartUrl": "https://ourworldindata.org/grapher/total-oda-for-infrastructure-by-recipient?v=1&csvType=full&useColumnShortNames=false",
    "selection": [
      "Asia (UN)",
      "Europe (UN)",
      "Oceania (UN)",
      "Africa (UN)",
      "Latin America and the Caribbean (UN)"
    ]
  },
  "columns": {
    "9.a.1 - Total official flows for infrastructure, by recipient countries (millions of constant 2023 United States dollars) - DC_TOF_INFRAL": {
      "titleShort": "Total official flows for infrastructure, by recipient countries (millions of constant 2023 United States dollars)",
      "titleLong": "Total official flows for infrastructure, by recipient countries (millions of constant 2023 United States dollars)",
      "descriptionShort": "Total official flows for infrastructure, by recipient countries (millions of constant 2023 United States dollars)",
      "shortUnit": "",
      "unit": "millions of constant united states dollars",
      "timespan": "2000-2023",
      "type": "Numeric",
      "conversionFactor": 1000000,
      "owidVariableId": 1128376,
      "shortName": "_9_a_1__dc_tof_infral",
      "lastUpdated": "2025-10-29",
      "nextUpdate": "2027-10-29",
      "citationShort": "Organisation for Economic Co-operation and Development – processed by Our World in Data",
      "citationLong": "Organisation for Economic Co-operation and Development – processed by Our World in Data. “Total official flows for infrastructure, by recipient countries (millions of constant 2023 United States dollars)” [dataset]. Organisation for Economic Co-operation and Development, “The Organisation for Economic Co-operation and Development (OECD).” [original data].",
      "fullMetadata": "https://api.ourworldindata.org/v1/indicators/1128376.metadata.json"
    }
  },
  "dateDownloaded": "2025-11-24",
  "activeFilters": {}
}