{
  "chart": {
    "title": "Modern renewable electricity generation by source",
    "subtitle": "Measured in [terawatt-hours](#dod:watt-hours).",
    "note": "\"Other renewables\" include geothermal, wave, and tidal energy.",
    "citation": "Ember (2025); Energy Institute - Statistical Review of World Energy (2025)",
    "originalChartUrl": "https://ourworldindata.org/grapher/modern-renewable-prod?v=1&csvType=full&useColumnShortNames=false",
    "selection": [
      "World"
    ]
  },
  "columns": {
    "Electricity from wind - TWh": {
      "titleShort": "Electricity generation from wind power",
      "titleLong": "Electricity generation from wind power",
      "descriptionShort": "Measured in [terawatt-hours](#dod:watt-hours).",
      "descriptionProcessing": "- While the Energy Institute (EI) provides a longer time series (dating back to 1965) than Ember (dating back only to 1990 for European countries and 2000 for other countries), EI does not cover all countries or all sources of electricity (for example, generation from bioenergy is missing). Therefore, when data from Ember is available for a given country and year, we use it as the primary data source. Where Ember data is unavailable, we supplement it with data from EI.",
      "shortUnit": "TWh",
      "unit": "terawatt-hours",
      "timespan": "1965-2024",
      "type": "Numeric",
      "owidVariableId": 1077756,
      "shortName": "wind_generation__twh",
      "lastUpdated": "2025-06-27",
      "nextUpdate": "2026-06-27",
      "citationShort": "Ember (2025); Energy Institute - Statistical Review of World Energy (2025) – with major processing by Our World in Data",
      "citationLong": "Ember (2025); Energy Institute - Statistical Review of World Energy (2025) – with major processing by Our World in Data. “Electricity generation from wind power” [dataset]. Ember, “Yearly Electricity Data Europe”; Ember, “Yearly Electricity Data”; Energy Institute, “Statistical Review of World Energy” [original data].",
      "fullMetadata": "https://api.ourworldindata.org/v1/indicators/1077756.metadata.json"
    },
    "Electricity from hydro - TWh": {
      "titleShort": "Electricity generation from hydropower",
      "titleLong": "Electricity generation from hydropower",
      "descriptionShort": "Measured in [terawatt-hours](#dod:watt-hours).",
      "descriptionProcessing": "- While the Energy Institute (EI) provides a longer time series (dating back to 1965) than Ember (dating back only to 1990 for European countries and 2000 for other countries), EI does not cover all countries or all sources of electricity (for example, generation from bioenergy is missing). Therefore, when data from Ember is available for a given country and year, we use it as the primary data source. Where Ember data is unavailable, we supplement it with data from EI.",
      "shortUnit": "TWh",
      "unit": "terawatt-hours",
      "timespan": "1965-2024",
      "type": "Numeric",
      "owidVariableId": 1077664,
      "shortName": "hydro_generation__twh",
      "lastUpdated": "2025-06-27",
      "nextUpdate": "2026-06-27",
      "citationShort": "Ember (2025); Energy Institute - Statistical Review of World Energy (2025) – with major processing by Our World in Data",
      "citationLong": "Ember (2025); Energy Institute - Statistical Review of World Energy (2025) – with major processing by Our World in Data. “Electricity generation from hydropower” [dataset]. Ember, “Yearly Electricity Data Europe”; Ember, “Yearly Electricity Data”; Energy Institute, “Statistical Review of World Energy” [original data].",
      "fullMetadata": "https://api.ourworldindata.org/v1/indicators/1077664.metadata.json"
    },
    "Electricity from solar - TWh": {
      "titleShort": "Electricity generation from solar power",
      "titleLong": "Electricity generation from solar power",
      "descriptionShort": "Measured in [terawatt-hours](#dod:watt-hours).",
      "descriptionProcessing": "- While the Energy Institute (EI) provides a longer time series (dating back to 1965) than Ember (dating back only to 1990 for European countries and 2000 for other countries), EI does not cover all countries or all sources of electricity (for example, generation from bioenergy is missing). Therefore, when data from Ember is available for a given country and year, we use it as the primary data source. Where Ember data is unavailable, we supplement it with data from EI.",
      "shortUnit": "TWh",
      "unit": "terawatt-hours",
      "timespan": "1965-2024",
      "type": "Numeric",
      "owidVariableId": 1077742,
      "shortName": "solar_generation__twh",
      "lastUpdated": "2025-06-27",
      "nextUpdate": "2026-06-27",
      "citationShort": "Ember (2025); Energy Institute - Statistical Review of World Energy (2025) – with major processing by Our World in Data",
      "citationLong": "Ember (2025); Energy Institute - Statistical Review of World Energy (2025) – with major processing by Our World in Data. “Electricity generation from solar power” [dataset]. Ember, “Yearly Electricity Data Europe”; Ember, “Yearly Electricity Data”; Energy Institute, “Statistical Review of World Energy” [original data].",
      "fullMetadata": "https://api.ourworldindata.org/v1/indicators/1077742.metadata.json"
    },
    "Other renewables including bioenergy - TWh": {
      "titleShort": "Electricity generation from other renewables, including bioenergy",
      "titleLong": "Electricity generation from other renewables, including bioenergy",
      "descriptionShort": "Measured in [terawatt-hours](#dod:watt-hours).",
      "descriptionProcessing": "- While the Energy Institute (EI) provides a longer time series (dating back to 1965) than Ember (dating back only to 1990 for European countries and 2000 for other countries), EI does not cover all countries or all sources of electricity (for example, generation from bioenergy is missing). Therefore, when data from Ember is available for a given country and year, we use it as the primary data source. Where Ember data is unavailable, we supplement it with data from EI.",
      "shortUnit": "TWh",
      "unit": "terawatt-hours",
      "timespan": "1965-2024",
      "type": "Numeric",
      "owidVariableId": 1077697,
      "shortName": "other_renewables_including_bioenergy_generation__twh",
      "lastUpdated": "2025-06-27",
      "nextUpdate": "2026-06-27",
      "citationShort": "Ember (2025); Energy Institute - Statistical Review of World Energy (2025) – with major processing by Our World in Data",
      "citationLong": "Ember (2025); Energy Institute - Statistical Review of World Energy (2025) – with major processing by Our World in Data. “Electricity generation from other renewables, including bioenergy” [dataset]. Ember, “Yearly Electricity Data Europe”; Ember, “Yearly Electricity Data”; Energy Institute, “Statistical Review of World Energy” [original data].",
      "fullMetadata": "https://api.ourworldindata.org/v1/indicators/1077697.metadata.json"
    }
  },
  "dateDownloaded": "2025-11-24",
  "activeFilters": {}
}